timestamp,pageview_count
2023-10-17 18:07:37.599670,1
2023-10-17 18:07:39.407666,1
2023-10-17 18:07:41.712728,1
2023-10-17 18:07:43.908601,1
2023-10-17 18:07:47.235700,1
2023-10-17 18:07:51.791539,1
2023-10-17 18:11:43.296712,1
2023-10-17 18:13:36.239711,1
2023-10-17 18:13:37.670296,1
2023-10-17 18:21:45.092123,1
2023-10-17 18:21:47.010473,1
2023-10-17 18:21:48.044433,1
2023-10-17 18:21:48.818816,1
2023-10-17 18:21:50.295185,1
2023-10-17 18:21:53.189174,1
2023-10-17 18:21:53.905242,1
2023-10-17 18:21:57.338578,1
2023-10-17 18:22:01.481437,1
2023-10-17 18:22:15.642261,1
2023-10-17 18:25:32.008848,1
2023-10-17 18:25:33.244654,1
2023-10-17 18:25:43.469574,1
2023-10-17 18:26:11.296476,1
2023-10-17 18:27:51.353762,1
2023-10-17 18:28:03.943285,1
2023-10-17 18:53:11.316573,1
2023-10-17 18:53:12.900027,1
2023-10-17 18:53:18.963304,1
2023-10-17 18:53:29.161217,1
2023-10-17 18:53:49.456705,1
2023-10-17 18:54:27.726163,1
2023-10-17 18:54:34.217981,1
2023-10-17 18:54:44.558221,1
2023-10-17 18:54:58.474005,1
2023-10-17 18:55:01.113384,1
2023-10-17 18:55:02.379511,1
2023-10-17 18:55:03.651681,1
2023-10-17 18:55:05.983910,1
2023-10-17 18:55:08.865050,1
2023-10-17 18:55:13.299240,1
2023-10-17 18:55:37.588085,1
2023-10-17 18:55:59.779605,1
2023-10-17 18:56:04.194028,1
2023-10-17 18:56:04.978965,1
2023-10-17 18:56:05.620598,1
2023-10-17 18:56:19.269083,1
2023-10-17 18:56:20.463562,1
2023-10-17 18:56:24.687189,1
2023-10-17 18:56:25.919248,1
2023-10-17 18:56:28.303456,1
2023-10-17 21:10:41.705228,1
2023-10-17 21:10:43.117510,1
2023-10-17 22:12:31.976828,1
2023-10-17 22:12:33.435548,1
2023-10-17 22:12:41.735433,1
2023-10-17 22:12:51.458101,1
2023-10-17 22:12:58.859964,1
2023-10-17 22:13:09.951992,1
2023-10-17 22:13:23.085262,1
2023-10-17 22:13:54.361813,1
2023-10-17 22:15:23.770498,1
2023-10-17 22:16:06.267702,1
2023-10-17 22:19:20.621705,1
2023-10-17 22:20:01.806432,1
2023-10-17 22:20:04.556855,1
2023-10-17 22:20:06.195598,1
2023-10-17 22:20:20.347086,1
2023-10-17 22:22:03.612264,1
2023-10-17 22:23:29.614273,1
2023-10-17 22:23:32.902809,1
2023-10-17 22:23:34.709674,1
2023-10-17 22:23:37.527700,1
2023-10-17 22:25:13.654738,1
2023-10-17 22:25:17.882527,1
2023-10-17 22:28:00.385846,1
2023-10-17 22:28:03.263132,1
2023-10-17 22:28:28.939472,1
2023-10-17 22:28:32.963905,1
2023-10-17 22:28:33.500563,1
2023-10-17 22:28:41.432429,1
2023-10-17 22:28:58.918981,1
2023-10-17 22:29:05.564792,1
2023-10-17 22:30:26.170275,1
2023-10-17 22:30:27.984323,1
2023-10-17 22:30:29.718040,1
2023-10-17 22:32:58.501816,1
2023-10-17 22:32:59.483831,1
2023-10-17 22:33:12.582412,1
2023-10-17 22:33:14.806473,1
2023-10-17 22:33:26.685275,1
2023-10-17 22:33:33.384471,1
2023-10-17 22:37:04.859041,1
2023-10-17 22:37:07.344115,1
2023-10-17 22:37:32.272751,1
2023-10-17 22:37:39.549192,1
2023-10-17 22:37:58.382074,1
2023-10-17 22:38:10.150043,1
2023-10-17 22:38:12.295855,1
2023-10-17 22:38:16.135311,1
2023-10-17 22:38:37.422223,1
2023-10-17 22:38:43.832709,1
2023-10-17 22:38:53.956606,1
2023-10-17 22:38:56.299487,1
2023-10-17 22:39:07.995742,1
2023-10-17 22:39:11.785003,1
2023-10-17 22:39:27.336992,1
2023-10-17 22:39:30.165931,1
2023-10-17 22:39:40.360874,1
2023-10-17 22:39:42.685714,1
2023-10-17 22:39:46.367436,1
2023-10-17 22:39:52.331759,1
2023-10-17 22:39:57.698921,1
2023-10-17 22:40:14.039987,1
2023-10-17 22:40:16.415854,1
2023-10-17 22:40:18.962601,1
2023-10-17 22:40:28.321584,1
2023-10-17 22:40:31.100384,1
2023-10-17 22:40:48.571689,1
2023-10-17 22:41:05.930999,1
2023-10-17 22:41:12.730130,1
2023-10-17 22:41:15.729723,1
2023-10-17 22:41:21.243175,1
2023-10-17 22:41:29.596258,1
2023-10-17 22:43:36.686378,1
2023-10-17 22:46:03.468471,1
2023-10-17 22:47:48.362570,1
2023-10-17 22:48:41.652513,1
2023-10-17 22:50:46.608684,1
2023-10-17 22:51:46.735898,1
2023-10-17 22:52:51.551868,1
2023-10-17 22:53:03.119487,1
2023-10-17 22:56:11.497341,1
2023-10-17 22:57:03.223369,1
2023-10-17 22:58:49.450649,1
2023-10-17 23:05:05.192624,1
2023-10-17 23:05:06.696104,1
2023-10-17 23:05:12.101228,1
2023-10-17 23:05:18.690730,1
2023-10-17 23:05:21.520255,1
2023-10-17 23:05:22.014599,1
2023-10-17 23:05:23.032180,1
2023-10-17 23:05:27.535160,1
2023-10-17 23:05:34.898276,1
2023-10-17 23:05:57.280187,1
2023-10-17 23:06:00.536170,1
2023-10-17 23:06:27.657817,1
2023-10-17 23:06:30.193170,1
2023-10-17 23:06:47.784799,1
2023-10-17 23:07:00.218065,1
2023-10-17 23:07:02.041441,1
2023-10-17 23:07:03.776468,1
2023-10-17 23:07:06.293291,1
2023-10-17 23:07:08.795641,1
2023-10-17 23:07:11.145889,1
2023-10-17 23:07:18.228435,1
2023-10-17 23:08:21.712191,1
2023-10-17 23:08:23.166423,1
2023-10-17 23:08:27.616360,1
2023-10-17 23:08:31.751843,1
2023-10-17 23:08:36.246096,1
2023-10-17 23:08:45.231006,1
2023-10-17 23:09:34.958710,1
2023-10-17 23:09:36.298281,1
2023-10-17 23:09:37.848258,1
2023-10-17 23:09:40.162694,1
2023-10-17 23:10:09.546533,1
2023-10-17 23:18:46.008770,1
2023-10-17 23:18:50.467153,1
2023-11-03 14:28:07.607535,1
2023-11-03 14:28:10.833125,1
2023-11-03 14:28:12.798032,1
2023-11-03 14:28:37.488091,1
2023-11-03 14:28:46.076193,1
2023-11-03 14:29:24.026648,1
2023-11-03 14:30:22.529589,1
2023-11-03 14:31:16.537735,1
2023-11-03 14:32:50.462872,1
2023-11-03 16:03:26.026181,1
2023-11-03 16:03:29.618220,1
2023-11-03 16:03:44.495341,1
2023-11-03 16:03:50.135055,1
2023-11-03 16:23:29.424570,1
2023-11-03 16:23:33.090629,1
2023-11-03 16:23:34.007817,1
